timestamp,variable,value
0.0,lng,-73.98513941419534
0.0,lat,40.666829038314006
0.0,elevation,29.764646413404932
3.0,lng,-73.98511031621211
3.0,lat,40.666835510286845
3.0,elevation,29.879899360765126
4.0,lng,-73.98510394390297
4.0,lat,40.66684229387057
4.0,elevation,29.885047622978547
5.0,lng,-73.98509576845083
5.0,lat,40.666846957210346
5.0,elevation,29.884122405546762
6.0,lat,40.666852774409485
6.0,elevation,29.884855546406378
6.0,lng,-73.98509949857934
12.0,elevation,29.821724347613834
12.0,lng,-73.98510866896085
12.0,lat,40.66687001406038
17.0,elevation,29.79795957915485
17.0,lng,-73.98508842023207
17.0,lat,40.66686168062385
19.0,elevation,29.781856436282396
19.0,lat,40.66686517262415
19.0,lng,-73.98506415045787
25.0,lat,40.66686229427006
25.0,elevation,29.666880175471306
25.0,lng,-73.98503040784024
27.0,lat,40.666849895867706
27.0,elevation,29.792961364611983
27.0,lng,-73.98500306108514
30.0,elevation,29.50511250924319
30.0,lng,-73.98498150877953
30.0,lat,40.66686223270487
33.0,lng,-73.98499888247605
33.0,lat,40.66689966109254
33.0,elevation,29.720371989533305
36.0,lng,-73.98497636261295
36.0,lat,40.666915232883724
36.0,elevation,29.630636239424348
39.0,lat,40.666932734958095
39.0,elevation,29.894874768331647
39.0,lng,-73.9849637405613
53.0,elevation,30.289912807755172
53.0,lng,-73.98495385378281
53.0,lat,40.66691476308385
60.0,elevation,30.495109720155597
60.0,lng,-73.98492709283984
60.0,lat,40.66689010287345
63.0,elevation,30.075287197716534
63.0,lng,-73.98490024486706
63.0,lat,40.66687489683582
66.0,lng,-73.9848737360237
66.0,lat,40.66686337263034
66.0,elevation,29.93746007513255
68.0,lat,40.666849307931074
68.0,elevation,30.151078836992383
68.0,lng,-73.98485892288573
71.0,lat,40.666834047489594
71.0,elevation,30.749843046069145
71.0,lng,-73.98482947027979
74.0,lat,40.66681773169998
74.0,lng,-73.98479572164052
74.0,elevation,30.848461399786174
76.0,lng,-73.98477250461721
76.0,lat,40.66680727523605
76.0,elevation,30.613630034029484
79.0,lng,-73.9847497162169
79.0,lat,40.666792116657
79.0,elevation,30.972277591004968
81.0,lat,40.66677869109913
81.0,elevation,31.178089973516762
81.0,lng,-73.98472667900687
83.0,elevation,31.180126215331256
83.0,lng,-73.98470681890535
83.0,lat,40.666765024327276
86.0,elevation,31.565310976468027
86.0,lng,-73.9846873169807
86.0,lat,40.66675181069341
89.0,elevation,31.44448254350573
89.0,lat,40.66673341234746
89.0,lng,-73.98466983900747
92.0,lat,40.6667218574016
92.0,elevation,31.44704755488783
92.0,lng,-73.98464945130942
95.0,lat,40.66670875646249
95.0,elevation,31.371252580545843
95.0,lng,-73.9846248420097
98.0,lat,40.66668869319244
98.0,elevation,31.58929813373834
98.0,lng,-73.98459786597911
100.0,elevation,31.400949532166123
100.0,lng,-73.98458277732907
100.0,lat,40.66667393425637
102.0,lng,-73.98456599794511
102.0,lat,40.666660125104634
102.0,elevation,31.279013810679317
104.0,lng,-73.9845363016982
104.0,lat,40.6666485588777
104.0,elevation,31.52281534858048
107.0,lng,-73.98450897439366
107.0,elevation,32.05311192665249
107.0,lat,40.66663252945123
109.0,elevation,31.658237112686038
109.0,lng,-73.98448018730151
109.0,lat,40.66662570677777
112.0,elevation,31.64203096088022
112.0,lng,-73.98445025449752
112.0,lat,40.66660507206951
114.0,lng,-73.98442471512834
114.0,lat,40.666594424558184
114.0,elevation,32.274810610339046
116.0,lat,40.666583735203695
116.0,elevation,32.169298734515905
116.0,lng,-73.98440338954256
119.0,lat,40.66657493347727
119.0,elevation,32.30281980615109
119.0,lng,-73.98437469708531
121.0,elevation,32.543440610170364
121.0,lng,-73.98434907493511
121.0,lat,40.66656682334709
122.0,lng,-73.98432800581615
122.0,lat,40.666558101918795
122.0,elevation,32.832320887595415
124.0,lng,-73.9843033682062
124.0,lat,40.66655348475514
124.0,elevation,32.67766182217747
126.0,lng,-73.98427700821789
126.0,lat,40.66654507046097
126.0,elevation,32.80373512301594
128.0,lat,40.666534057855756
128.0,elevation,32.81918876245618
128.0,lng,-73.98425048424686
131.0,elevation,32.80042367056012
131.0,lng,-73.9842275569005
131.0,lat,40.666518074348005
133.0,elevation,32.961294524371624
133.0,lng,-73.98419544381923
133.0,lat,40.6665054261994
135.0,elevation,33.281244775280356
135.0,lat,40.6664973253099
135.0,lng,-73.98416933164955
137.0,lat,40.666487497702114
137.0,elevation,32.81370418705046
137.0,lng,-73.98413917057059
139.0,lat,40.66647749915472
139.0,elevation,32.88854423072189
139.0,lng,-73.98411569973887
141.0,elevation,32.700378713198006
141.0,lng,-73.98409148907918
141.0,lat,40.66646306402924
143.0,lng,-73.98406434854367
143.0,lat,40.66645183297317
143.0,elevation,33.50127637013793
145.0,lng,-73.9840354601199
145.0,lat,40.66643892751068
145.0,elevation,33.73169716633856
148.0,lat,40.6664289170474
148.0,elevation,33.471918852068484
148.0,lng,-73.98400704503578
150.0,elevation,33.716153712011874
150.0,lng,-73.98398461953067
150.0,lat,40.66641918627952
152.0,elevation,34.194462650455534
152.0,lng,-73.98395792370802
152.0,lat,40.66640862855384
154.0,elevation,33.6762977251783
154.0,lng,-73.98393108964704
154.0,lat,40.66640882394335
156.0,lng,-73.98389927935776
156.0,lat,40.66639348538123
156.0,elevation,33.938784500584006
158.0,lat,40.666386382215286
158.0,elevation,34.08205556124449
158.0,lng,-73.9838724119441
160.0,lat,40.666376497189745
160.0,elevation,34.2370981099084
160.0,lng,-73.98385093061422
162.0,lat,40.66636295025427
162.0,lng,-73.98383060173322
162.0,elevation,34.04522616695613
164.0,lng,-73.98380012399461
164.0,lat,40.6663540512144
164.0,elevation,34.25245200190693
167.0,lng,-73.98376813898327
167.0,lat,40.666339588849794
167.0,elevation,34.534678620286286
169.0,lat,40.66632741537715
169.0,elevation,34.78612177912146
169.0,lng,-73.98374091104286
172.0,elevation,34.77370784711093
172.0,lng,-73.98371093653861
172.0,lat,40.666310273609156
174.0,elevation,35.00314746424556
174.0,lng,-73.9836898764288
174.0,lat,40.666296081213225
177.0,lng,-73.98366628907156
177.0,lat,40.6662784410557
177.0,elevation,34.8948904806748
180.0,lat,40.6662647458723
180.0,elevation,34.98104869388044
180.0,lng,-73.98364534105151
182.0,lat,40.66625139761683
182.0,elevation,35.13401677645743
182.0,lng,-73.98361764653549
184.0,lat,40.66624091316067
184.0,elevation,35.31941494438797
184.0,lng,-73.98358576650479
186.0,elevation,35.48126294929534
186.0,lng,-73.98356499865716
186.0,lat,40.66622040167174
188.0,lng,-73.98353377742175
188.0,lat,40.666209762749276
188.0,elevation,35.295343794859946
191.0,lng,-73.98351303475181
191.0,lat,40.66619278648298
191.0,elevation,35.414325752295554
193.0,lng,-73.98348942961898
193.0,elevation,35.552981718443334
193.0,lat,40.66617987977445
197.0,elevation,35.617681256495416
197.0,lng,-73.9834577019145
197.0,lat,40.666165774506915
199.0,elevation,35.67608101386577
199.0,lng,-73.98343248875527
199.0,lat,40.666153746573464
202.0,lng,-73.98339456360705
202.0,lat,40.66614493539803
202.0,elevation,36.318921332247555
204.0,lat,40.666126970644214
204.0,elevation,36.4110964005813
204.0,lng,-73.9833683066386
206.0,lat,40.6661121948451
206.0,elevation,36.16130420379341
206.0,lng,-73.98334470892542
208.0,lat,40.666100467227594
208.0,lng,-73.98331485893085
208.0,elevation,36.38943963870406
210.0,lng,-73.98329517600608
210.0,lat,40.66608918019
210.0,elevation,36.2157029947266
212.0,lng,-73.9832747366794
212.0,lat,40.66607200850708
212.0,elevation,35.959985319525
215.0,lng,-73.98325438793218
215.0,lat,40.666051998578304
215.0,elevation,36.38859245367348
216.0,lat,40.666039929686775
216.0,elevation,36.555766488425434
216.0,lng,-73.98323006918409
218.0,elevation,36.210371075198054
218.0,lng,-73.98319462598695
218.0,lat,40.66602303138656
221.0,elevation,36.72266564331949
221.0,lng,-73.98317167071623
221.0,lat,40.66601100790549
223.0,elevation,36.835008456371725
223.0,lat,40.665999180523734
223.0,lng,-73.98313803707588
225.0,lat,40.665983774466724
225.0,elevation,36.26818266417831
225.0,lng,-73.98311511746603
227.0,lat,40.665960861840915
227.0,elevation,36.84590223245323
227.0,lng,-73.98309135602256
230.0,elevation,36.7792564695701
230.0,lng,-73.98305697083003
230.0,lat,40.66594701555298
233.0,lng,-73.98302755280599
233.0,lat,40.66592641918007
233.0,elevation,37.09746535588056
235.0,lng,-73.98300966048777
235.0,lat,40.66591212647248
235.0,elevation,37.31416772399098
237.0,lat,40.66589601738679
237.0,elevation,37.386051078327
237.0,lng,-73.9829783069323
239.0,elevation,37.50899271201342
239.0,lng,-73.98295524739044
239.0,lat,40.66588375998926
241.0,elevation,37.79105534218252
241.0,lng,-73.9829279782644
241.0,lat,40.66586713764847
242.0,elevation,37.50667253509164
242.0,lng,-73.98290677363083
242.0,lat,40.66585586157404
244.0,lng,-73.98287084165777
244.0,lat,40.66584120025198
244.0,elevation,37.478800917975605
246.0,lat,40.665831544940524
246.0,elevation,37.958656382746994
246.0,lng,-73.98283899607678
248.0,lat,40.66581236102157
248.0,elevation,38.174322763457894
248.0,lng,-73.98280686472988
250.0,lat,40.66579915134522
250.0,lng,-73.98278294226303
250.0,elevation,37.67334869503975
252.0,lng,-73.98275968511385
252.0,lat,40.66578909643514
252.0,elevation,37.60090337973088
255.0,lng,-73.98272371787033
255.0,lat,40.66579399190217
255.0,elevation,37.80779598094523
257.0,lat,40.66579160727194
257.0,elevation,37.68900566082448
257.0,lng,-73.98270005870953
259.0,elevation,38.12893422693014
259.0,lng,-73.98267063413665
259.0,lat,40.66577859901323
261.0,elevation,38.125775075517595
261.0,lng,-73.98263867099432
261.0,lat,40.66576750286252
262.0,elevation,38.688797598704696
262.0,lat,40.66575862962552
262.0,lng,-73.98261592874678
264.0,lat,40.66574823514745
264.0,elevation,38.672701184637845
264.0,lng,-73.98258488284505
266.0,lat,40.665742609537226
266.0,elevation,38.27016952261329
266.0,lng,-73.98256019848165
268.0,lat,40.665727532472324
268.0,elevation,37.99606210459024
268.0,lng,-73.98253217744906
270.0,elevation,38.28110151179135
270.0,lng,-73.98249858859727
270.0,lat,40.66571431226458
272.0,lng,-73.98247819986591
272.0,lat,40.665700539826474
272.0,elevation,38.420669032260776
276.0,lng,-73.98246088932092
276.0,lat,40.66568714709025
276.0,elevation,39.22220267355442
282.0,lng,-73.9824394982271
282.0,elevation,39.506389315240085
282.0,lat,40.665695001858936
288.0,elevation,38.883517276495695
288.0,lng,-73.98246388562401
288.0,lat,40.665684737633455
291.0,elevation,38.739743513055146
291.0,lng,-73.98248646613939
291.0,lat,40.665672604667435
293.0,lng,-73.98250196902116
293.0,lat,40.66565220540267
293.0,elevation,37.66515911463648
295.0,lat,40.66562972265293
295.0,elevation,38.00384743977338
295.0,lng,-73.98251197092029
299.0,lat,40.665613399700746
299.0,elevation,38.950154200196266
299.0,lng,-73.98249776583359
301.0,elevation,38.95779795758426
301.0,lng,-73.98248371509635
301.0,lat,40.66559825186511
303.0,lng,-73.9824635105295
303.0,lat,40.66558409606291
303.0,elevation,39.226592959836125
306.0,lng,-73.98244784797424
306.0,lat,40.66555799988461
306.0,elevation,39.671528111211956
308.0,lng,-73.98242251467464
308.0,lat,40.66555235808896
308.0,elevation,39.82084600627422
311.0,lat,40.665552028371394
311.0,elevation,38.78895050473511
311.0,lng,-73.98238913679617
313.0,elevation,39.33091670181602
313.0,lng,-73.982367632792
313.0,lat,40.665527967774864
315.0,elevation,38.888690133579075
315.0,lng,-73.98235254470787
315.0,lat,40.66550941164605
317.0,elevation,40.209535237401724
317.0,lat,40.66549414670802
317.0,lng,-73.9823290102478
319.0,lat,40.66548503184227
319.0,elevation,39.60485921613872
319.0,lng,-73.98230708370292
322.0,lat,40.66548080227278
322.0,elevation,39.53359850961715
322.0,lng,-73.98227588578688
325.0,elevation,39.38315700087696
325.0,lng,-73.9822352874459
325.0,lat,40.6654726759976
327.0,lng,-73.98221183586826
327.0,lat,40.66546729078655
327.0,elevation,39.8271808186546
329.0,lng,-73.98218113698053
329.0,lat,40.66546405901089
329.0,elevation,39.488796590827405
332.0,lng,-73.98214724009107
332.0,elevation,39.808597184717655
332.0,lat,40.6654517160043
334.0,elevation,40.355240729637444
334.0,lng,-73.98212612741023
334.0,lat,40.66543626472943
337.0,elevation,40.255565892905
337.0,lng,-73.98210365565015
337.0,lat,40.665416590430375
339.0,elevation,40.07535423338413
339.0,lng,-73.98206973384752
339.0,lat,40.66540872591784
341.0,lng,-73.98203967628521
341.0,lat,40.66540119417432
341.0,elevation,40.291696100495756
343.0,lat,40.665389182972646
343.0,elevation,40.24292000383139
343.0,lng,-73.98201648377848
344.0,lat,40.6653805191377
344.0,elevation,40.43871260341257
344.0,lng,-73.98199466728157
346.0,lat,40.6653731024459
346.0,lng,-73.9819695339016
346.0,elevation,40.57304354477674
348.0,lng,-73.98194319475839
348.0,lat,40.6653778088905
348.0,elevation,40.75597270112485
350.0,lng,-73.98191201778238
350.0,lat,40.66536120032023
350.0,elevation,40.77547891344875
352.0,lat,40.66534461071435
352.0,elevation,41.20192301273346
352.0,lng,-73.9818900955461
354.0,elevation,41.1799858212471
354.0,lng,-73.98186035103117
354.0,lat,40.66533047568015
356.0,elevation,40.93969956506044
356.0,lng,-73.98184158998131
356.0,lat,40.66531202136508
358.0,lng,-73.98181102226152
358.0,lat,40.66529420660913
358.0,elevation,41.33739264123142
360.0,lat,40.66528381682128
360.0,elevation,41.34168566856533
360.0,lng,-73.9817855291055
362.0,lat,40.665269169986715
362.0,elevation,41.22530141007155
362.0,lng,-73.98176410263069
364.0,lat,40.66524940035644
364.0,elevation,41.4302869355306
364.0,lng,-73.98173138518588
367.0,elevation,41.21731743961573
367.0,lng,-73.98170297739337
367.0,lat,40.66523460834336
369.0,lng,-73.98167915234319
369.0,lat,40.66521779148906
369.0,elevation,40.79850670136511
370.0,lng,-73.98166176710583
370.0,lat,40.66520513312035
370.0,elevation,41.02972092945129
373.0,lng,-73.98163641592936
373.0,elevation,41.13369462173432
373.0,lat,40.66519788681052
375.0,elevation,41.67150579486042
375.0,lng,-73.98160074895499
375.0,lat,40.665195502910116
376.0,elevation,41.548817361705005
376.0,lng,-73.98158500041872
376.0,lat,40.66518143612121
378.0,lng,-73.98155781691807
378.0,lat,40.66517139534599
378.0,elevation,41.86617253255099
380.0,lat,40.665150778227684
380.0,elevation,42.17509784270078
380.0,lng,-73.98154208396329
382.0,lat,40.66513701326164
382.0,elevation,41.60129829123616
382.0,lng,-73.9815181109636
384.0,elevation,42.038792392238975
384.0,lng,-73.9814910897307
384.0,lat,40.66513243272071
386.0,lng,-73.98147158414585
386.0,lat,40.6651167264699
386.0,elevation,42.311959438957274
389.0,lng,-73.98144132703713
389.0,lat,40.665105548769645
389.0,elevation,42.09706361591816
391.0,lng,-73.98140829319618
391.0,lat,40.66509265418605
391.0,elevation,42.03356559108943
393.0,lat,40.66508429864367
393.0,elevation,42.151221859268844
393.0,lng,-73.981372413169
395.0,elevation,42.45501635130495
395.0,lng,-73.98134443971888
395.0,lat,40.66506459491611
397.0,elevation,42.88708306476474
397.0,lng,-73.98131475602368
397.0,lat,40.66505462898463
400.0,elevation,43.0319860400632
400.0,lat,40.66503743722502
400.0,lng,-73.9812828293013
402.0,lat,40.66502887775116
402.0,elevation,42.19963026419282
402.0,lng,-73.98125532403974
405.0,lat,40.66501621270374
405.0,elevation,43.10666049737483
405.0,lng,-73.98123363210797
407.0,elevation,42.84373192489147
407.0,lng,-73.98121595294153
407.0,lat,40.66499357693951
409.0,lng,-73.98120270522091
409.0,lat,40.66497352325945
409.0,elevation,42.70330729801208
411.0,lng,-73.98118010478285
411.0,lat,40.664958217732
411.0,elevation,43.073866912163794
413.0,lat,40.664932670068886
413.0,elevation,42.67357290163636
413.0,lng,-73.98115473979146
415.0,elevation,42.70881498232484
415.0,lng,-73.98111850539303
415.0,lat,40.66492488716196
417.0,elevation,42.368710458278656
417.0,lng,-73.98109491171017
417.0,lat,40.66490450780175
419.0,elevation,41.921339232474566
419.0,lng,-73.98106783592357
419.0,lat,40.66488517479125
421.0,lng,-73.98104367909541
421.0,lat,40.66488286646006
421.0,elevation,42.06781288981438
425.0,lat,40.664860014658416
425.0,elevation,42.6860369713977
425.0,lng,-73.98101038910197
427.0,lat,40.66484065816578
427.0,elevation,43.13328572269529
427.0,lng,-73.98098728484959
430.0,lat,40.66482013300864
430.0,lng,-73.98095731086227
430.0,elevation,43.206818922422826
432.0,lng,-73.98093986154986
432.0,lat,40.66480624619481
432.0,elevation,43.17488694190979
433.0,lng,-73.98092435371075
433.0,lat,40.66481994859734
433.0,elevation,43.76306860614568
435.0,lat,40.66480889489128
435.0,elevation,43.218183325603604
435.0,lng,-73.98089749609726
437.0,elevation,43.3708986453712
437.0,lng,-73.98086510558521
437.0,lat,40.66482467592383
439.0,elevation,43.601838572882116
439.0,lng,-73.98083592025291
439.0,lat,40.66481906527556
441.0,elevation,44.0744500355795
441.0,lat,40.66479175477699
441.0,lng,-73.98081812153872
443.0,lat,40.66477047788435
443.0,elevation,43.42311386950314
443.0,lng,-73.98079764681572
445.0,lat,40.66475374641996
445.0,elevation,42.27700302004814
445.0,lng,-73.98078336217995
447.0,lat,40.66473063059027
447.0,elevation,43.45074680726975
447.0,lng,-73.9807667947634
449.0,elevation,43.940405294299126
449.0,lng,-73.98072563105977
449.0,lat,40.66472364860521
451.0,lng,-73.9806993585524
451.0,lat,40.6647038019118
451.0,elevation,43.86095617339015
453.0,lng,-73.98067584916569
453.0,lat,40.66468954695912
453.0,elevation,43.59941796772182
455.0,lng,-73.98064739778312
455.0,elevation,43.6317193293944
455.0,lat,40.66468460636472
457.0,elevation,43.45416705310345
457.0,lng,-73.98060894277204
457.0,lat,40.66468543591878
459.0,elevation,43.4160440703854
459.0,lng,-73.98057140970748
459.0,lat,40.6646755255648
461.0,lng,-73.98054227324504
461.0,lat,40.664665020764645
461.0,elevation,43.57176810968667
463.0,lat,40.664651498251274
463.0,elevation,43.70147199742496
463.0,lng,-73.98051141613122
465.0,lat,40.66463357446239
465.0,elevation,44.04369001276791
465.0,lng,-73.98048568981875
467.0,elevation,44.36226330790669
467.0,lng,-73.98045864869988
467.0,lat,40.66461713888361
469.0,lng,-73.98043677876709
469.0,lat,40.66460610669852
469.0,elevation,43.988849393092096
472.0,lng,-73.9804015350787
472.0,lat,40.66459493242518
472.0,elevation,44.09374492429197
475.0,lng,-73.98037832750553
475.0,lat,40.664578840797034
475.0,elevation,43.93747585080564
479.0,lat,40.664569663124844
479.0,elevation,44.63644033204764
479.0,lng,-73.98035404608436
485.0,elevation,44.99822135921568
485.0,lng,-73.98034370329694
485.0,lat,40.6645506654546
496.0,elevation,44.9487576065585
496.0,lng,-73.98032112176443
496.0,lat,40.664536367031715
507.0,elevation,44.928441766649485
507.0,lat,40.664521647133924
507.0,lng,-73.98033671433134
515.0,lat,40.66451891256548
515.0,elevation,44.943720198236406
515.0,lng,-73.98031184374221
519.0,lat,40.664506506499
519.0,elevation,45.21535514853895
519.0,lng,-73.98029460546351
526.0,elevation,45.070945266634226
526.0,lng,-73.98026077941515
526.0,lat,40.664501630045365
529.0,lng,-73.98022656533848
529.0,lat,40.664497035287596
529.0,elevation,44.91684863436967
531.0,lng,-73.980204458841
531.0,lat,40.66449054095501
531.0,elevation,44.837409743107855
533.0,lat,40.66449142929728
533.0,elevation,44.515483115799725
533.0,lng,-73.98017943660254
536.0,elevation,44.969883660785854
536.0,lng,-73.98014996053911
536.0,lat,40.664489565507516
549.0,elevation,45.5678727356717
549.0,lng,-73.98012475082643
549.0,lat,40.66449090459124
553.0,elevation,45.712908843532205
553.0,lng,-73.98010731010065
553.0,lat,40.664504702663095
557.0,lng,-73.98007347646836
557.0,lat,40.66450957591995
557.0,elevation,45.72104227077216
559.0,lat,40.66449203429021
559.0,elevation,45.55849928222597
559.0,lng,-73.98005529437593
562.0,lat,40.66448133339691
562.0,elevation,46.04207441583276
562.0,lng,-73.98003566979126
564.0,lat,40.66446936273028
564.0,lng,-73.98001121505293
564.0,elevation,45.994294622913
566.0,lng,-73.97998852166306
566.0,lat,40.66445565854825
566.0,elevation,46.00616837479174
569.0,lng,-73.97995504915116
569.0,lat,40.66444403329681
569.0,elevation,45.38925610110164
571.0,lng,-73.97992877020972
571.0,lat,40.6644326328103
571.0,elevation,45.48068444430828
573.0,lat,40.66442459801936
573.0,elevation,45.09901761636138
573.0,lng,-73.97990484956398
575.0,elevation,45.46161315497011
575.0,lng,-73.97987569594287
575.0,lat,40.66441041025567
578.0,elevation,45.45632516872138
578.0,lng,-73.97984914954137
578.0,lat,40.664389919837056
580.0,lng,-73.97982572048461
580.0,lat,40.6643798844941
580.0,elevation,45.725931643508375
582.0,lat,40.664367430897485
582.0,elevation,45.20262345857918
582.0,lng,-73.97980260366388
584.0,lat,40.66435910856393
584.0,elevation,45.8207419719547
584.0,lng,-73.97978033704912
586.0,lat,40.66434606692518
586.0,elevation,45.38042167015374
586.0,lng,-73.9797572798308
588.0,elevation,45.60668423771858
588.0,lng,-73.97975035091497
588.0,lat,40.6643283262472
590.0,lng,-73.9797205684317
590.0,lat,40.66431445709853
590.0,elevation,45.24707082379609
592.0,lng,-73.97969210559035
592.0,lat,40.66429895233106
592.0,elevation,45.52529273182154
594.0,lng,-73.97966176910931
594.0,elevation,45.21506343130022
594.0,lat,40.66428521762465
596.0,elevation,45.331452179700136
596.0,lng,-73.97963521057169
596.0,lat,40.66427366180195
598.0,elevation,45.508604783564806
598.0,lng,-73.97961508475439
598.0,lat,40.664262338401954
600.0,lng,-73.9795840400292
600.0,lat,40.66425280785356
600.0,elevation,45.36765384674072
602.0,lat,40.66423660706308
602.0,elevation,45.91452911682427
602.0,lng,-73.9795623230409
604.0,lat,40.664222508154964
604.0,elevation,45.57273137290031
604.0,lng,-73.97952736881764
607.0,lat,40.66420488164472
607.0,lng,-73.9794927098584
607.0,elevation,45.41037877649069
609.0,lng,-73.97945815527413
609.0,lat,40.66419102580977
609.0,elevation,45.33468560501933
611.0,lng,-73.97942794957565
611.0,lat,40.66418052695497
611.0,elevation,45.383209543302655
613.0,lng,-73.97940294480317
613.0,lat,40.66416801929446
613.0,elevation,45.65054200403392
615.0,lat,40.664156465111574
615.0,elevation,45.717635662294924
615.0,lng,-73.97937773153612
617.0,elevation,45.63091720920056
617.0,lng,-73.97934316610453
617.0,lat,40.66414000394324
620.0,elevation,45.79399126302451
620.0,lng,-73.9793061820255
620.0,lat,40.66412814336826
623.0,elevation,45.556932888925076
623.0,lat,40.66412337243566
623.0,lng,-73.97927072943473
625.0,lat,40.66410489004238
625.0,elevation,45.09542788565159
625.0,lng,-73.97924215522626
627.0,lat,40.6640945771323
627.0,elevation,45.7549391547218
627.0,lng,-73.97921239053044
630.0,elevation,45.92413073219359
630.0,lng,-73.9791820150911
630.0,lat,40.664082613546924
632.0,lng,-73.97915602607183
632.0,lat,40.66407204169188
632.0,elevation,46.41979308985174
634.0,lng,-73.97914197880236
634.0,lat,40.66405664059469
634.0,elevation,46.33109933976084
636.0,lat,40.664042123157
636.0,elevation,46.38122916221619
636.0,lng,-73.97910909066402
638.0,elevation,46.15853636804968
638.0,lng,-73.9790776629268
638.0,lat,40.66403249607806
640.0,elevation,45.78034685086459
640.0,lng,-73.97904825184749
640.0,lat,40.66401807250048
643.0,elevation,45.953454934060574
643.0,lng,-73.97900918115354
643.0,lat,40.664012988806405
645.0,lng,-73.9789860996634
645.0,lat,40.66400267695013
645.0,elevation,45.96230646967888
647.0,lat,40.66398936792177
647.0,elevation,45.402843633666635
647.0,lng,-73.97896548150682
649.0,lat,40.66397580964434
649.0,elevation,45.52579015586525
649.0,lng,-73.97893443547267
651.0,lat,40.663962385005554
651.0,lng,-73.97890917958959
651.0,elevation,46.03343078121543
653.0,lng,-73.97887790571323
653.0,lat,40.66394695344093
653.0,elevation,45.82020205631852
655.0,lng,-73.97885413989191
655.0,lat,40.66392953042925
655.0,elevation,46.502764044329524
657.0,lat,40.6639189906873
657.0,elevation,46.74941792525351
657.0,lng,-73.97882520957425
659.0,elevation,47.158286264166236
659.0,lng,-73.97879956330961
659.0,lat,40.66389803665035
661.0,elevation,46.805736751295626
661.0,lng,-73.97877620401667
661.0,lat,40.66388659516064
664.0,lng,-73.97874390479787
664.0,lat,40.66386740232356
664.0,elevation,46.88929749280214
666.0,lat,40.663854450290465
666.0,elevation,46.81728826183826
666.0,lng,-73.97871794504792
668.0,lat,40.66384342197932
668.0,elevation,46.87728028744459
668.0,lng,-73.97869355978112
670.0,lat,40.66383250420777
670.0,elevation,46.91536464728415
670.0,lng,-73.97866002494905
672.0,elevation,46.529213666915894
672.0,lng,-73.97863126192473
672.0,lat,40.663825161576256
674.0,lng,-73.97860830415604
674.0,lat,40.66382039337593
674.0,elevation,46.853503765538335
676.0,lng,-73.97857916032818
676.0,lat,40.66380617446614
676.0,elevation,46.59299886226654
678.0,lng,-73.97855132785794
678.0,elevation,46.81877816095948
678.0,lat,40.66378812613288
679.0,elevation,46.6909935567528
679.0,lng,-73.97853172223964
679.0,lat,40.663776828366274
681.0,elevation,46.75461549311876
681.0,lng,-73.97850663950545
681.0,lat,40.66377028120944
683.0,lng,-73.9784819427843
683.0,lat,40.66376365725881
683.0,elevation,47.02848606929183
685.0,lat,40.663747790830705
685.0,elevation,46.91358636133373
685.0,lng,-73.97846901158636
687.0,lat,40.66372562128887
687.0,elevation,46.7751382086426
687.0,lng,-73.9784396031681
689.0,elevation,46.86510697659105
689.0,lng,-73.97841087283362
689.0,lat,40.663715787152334
691.0,lng,-73.9783846786405
691.0,lat,40.663703263568635
691.0,elevation,46.95517417602241
694.0,lng,-73.97835341746001
694.0,lat,40.663686450374655
694.0,elevation,46.90986955910921
696.0,lng,-73.97833547310138
696.0,lat,40.66367319694851
696.0,elevation,47.13602306693792
699.0,lat,40.66365331674118
699.0,elevation,46.62741897255182
699.0,lng,-73.97831654255087
701.0,elevation,46.944147751666605
701.0,lng,-73.97829809520951
701.0,lat,40.66363051246663
703.0,elevation,47.13728171028197
703.0,lng,-73.97828370092388
703.0,lat,40.66361161054897
706.0,elevation,47.30412143468857
706.0,lat,40.66359100659692
706.0,lng,-73.97825936409889
708.0,lat,40.663576732767446
708.0,elevation,46.79817244503647
708.0,lng,-73.97822728716916
710.0,lat,40.66357127409639
710.0,elevation,46.886435649357736
710.0,lng,-73.9781916542192
712.0,elevation,47.12720734626055
712.0,lng,-73.97816884394379
712.0,lat,40.6635509461659
715.0,lng,-73.97813346280091
715.0,lat,40.6635453425949
715.0,elevation,46.68178918492049
717.0,lng,-73.97810618567614
717.0,lat,40.663529864830494
717.0,elevation,47.466665567830205
719.0,lng,-73.97806856916607
719.0,elevation,46.84838075283915
719.0,lat,40.663527452466404
721.0,elevation,46.10401950404048
721.0,lng,-73.97802344971777
721.0,lat,40.663532200208046
723.0,elevation,46.512400607578456
723.0,lng,-73.97798608075556
723.0,lat,40.663519296330946
728.0,elevation,46.90199065301567
728.0,lng,-73.97795984671177
728.0,lat,40.663525092897615
734.0,lng,-73.97792774833303
734.0,lat,40.66352010463032
734.0,elevation,47.063409173861146
736.0,lat,40.66351849026447
736.0,elevation,47.1259334012866
736.0,lng,-73.97789615375211
738.0,lat,40.66350467589372
738.0,elevation,47.085715210065246
738.0,lng,-73.97788003068662
747.0,lat,40.66349602189198
747.0,lng,-73.97785341447661
747.0,elevation,47.70316523127258
759.0,lng,-73.9778184503735
759.0,lat,40.66348961654829
759.0,elevation,47.660539203323424
761.0,lng,-73.97779373522968
761.0,lat,40.66347914685061
761.0,elevation,47.62691486533731
763.0,lat,40.663463205824364
763.0,elevation,47.66492881812155
763.0,lng,-73.97777376567015
765.0,elevation,47.48357956856489
765.0,lng,-73.97775723740968
765.0,lat,40.663449997321734
767.0,elevation,47.21860721614212
767.0,lng,-73.97774455765354
767.0,lat,40.66343540886219
769.0,lng,-73.97772766957829
769.0,lat,40.663416217015374
769.0,elevation,47.519831580109894
771.0,lat,40.66339138422888
771.0,elevation,47.48215920757502
771.0,lng,-73.97771180167142
773.0,lat,40.663376402669826
773.0,elevation,47.73326777573675
773.0,lng,-73.97769587822759
776.0,lat,40.663355595072524
776.0,elevation,47.38003548514098
776.0,lng,-73.97766991545667
778.0,elevation,47.38111033476889
778.0,lng,-73.9776493635288
778.0,lat,40.66333775178919
781.0,lng,-73.97761522864597
781.0,lat,40.66332696387899
781.0,elevation,47.30283931083977
783.0,lng,-73.9775912801307
783.0,lat,40.663312500475605
783.0,elevation,47.36248780786991
785.0,lng,-73.97756939688175
785.0,elevation,47.25240193121135
785.0,lat,40.6633003499277
787.0,elevation,47.412562258541584
787.0,lng,-73.977542644257
787.0,lat,40.66328732933869
789.0,lat,40.663280891358326
789.0,lng,-73.97751118881104
789.0,elevation,47.12099829595536
791.0,lng,-73.9774851834214
791.0,elevation,46.803246532566845
791.0,lat,40.66327349012919
793.0,lat,40.66326588634385
793.0,elevation,47.09191854018718
793.0,lng,-73.97745578763246
795.0,lat,40.66325875248481
795.0,elevation,46.76462731324136
795.0,lng,-73.97743241207066
797.0,lat,40.66323939884209
797.0,lng,-73.97741333435395
797.0,elevation,46.79494812525809
799.0,lng,-73.97739903183778
799.0,lat,40.66321885141247
799.0,elevation,46.95033205114305
801.0,lng,-73.97737563629165
801.0,lat,40.66321451958816
801.0,elevation,46.92242699209601
803.0,lng,-73.9773513008851
803.0,lat,40.6631944325263
803.0,elevation,47.046203589998186
805.0,lat,40.663178655379845
805.0,elevation,47.06706887856126
805.0,lng,-73.97732767098042
807.0,elevation,46.68547307047993
807.0,lng,-73.97730046620775
807.0,lat,40.66317175421264
809.0,elevation,46.81211702153087
809.0,lng,-73.97726750278986
809.0,lat,40.663160435747045
811.0,elevation,46.42047385778278
811.0,lat,40.66314132059957
811.0,lng,-73.9772405445212
813.0,lat,40.66312948901094
813.0,elevation,46.667049867101014
813.0,lng,-73.97721481584762
815.0,lat,40.663119207473564
815.0,elevation,46.707139164209366
815.0,lng,-73.97718817809972
817.0,elevation,46.471444328315556
817.0,lng,-73.97716155517143
817.0,lat,40.66311042140369
819.0,lng,-73.97713139828024
819.0,lat,40.66310165299768
819.0,elevation,46.36403412371874
821.0,lng,-73.97710246012278
821.0,lat,40.66309685094151
821.0,elevation,46.44857142306864
823.0,lat,40.663094840370114
823.0,elevation,46.541202585212886
823.0,lng,-73.97707352151302
825.0,elevation,45.92418492492288
825.0,lng,-73.9770408660114
825.0,lat,40.66309490083089
827.0,elevation,46.265175910666585
827.0,lng,-73.97701156030303
827.0,lat,40.66309692729053
829.0,elevation,46.303356315009296
829.0,lng,-73.97698320198545
829.0,lat,40.66310014426773
831.0,lng,-73.97695531973855
831.0,lat,40.66310336053474
831.0,elevation,45.99521421547979
833.0,lat,40.663108448065366
833.0,elevation,46.1308740535751
833.0,lng,-73.97692814859256
835.0,lat,40.663115851433936
835.0,elevation,46.38642457127571
835.0,lng,-73.97689810805524
837.0,lat,40.663126775881054
837.0,lng,-73.9768626669977
837.0,elevation,46.18042171280831
839.0,lng,-73.9768454684425
839.0,lat,40.66314723074567
839.0,elevation,46.297648939304054
841.0,lng,-73.97682656144798
841.0,lat,40.663161943344655
841.0,elevation,46.77566855587065
844.0,lat,40.6631867216451
844.0,elevation,46.51911965664476
844.0,lng,-73.97682087000489
846.0,elevation,46.66908807773143
846.0,lng,-73.97683473656906
846.0,lat,40.66321569247241
848.0,elevation,46.883492921479046
848.0,lng,-73.9768546327428
848.0,lat,40.66323971273675
850.0,elevation,46.67568616569042
850.0,lat,40.66326289707189
850.0,lng,-73.97687529035319
852.0,lat,40.66327879158161
852.0,elevation,46.659861399792135
852.0,lng,-73.97688691154188
854.0,lat,40.663300949436575
854.0,elevation,47.11530220042914
854.0,lng,-73.97689268349525
857.0,lat,40.663332984065974
857.0,elevation,46.77817057445645
857.0,lng,-73.97688724042521
859.0,elevation,47.155271369963884
859.0,lng,-73.97688450839219
859.0,lat,40.66335148743915
861.0,lng,-73.97688997824963
861.0,lat,40.66337628906618
861.0,elevation,47.197651620954275
863.0,lng,-73.9769004577206
863.0,lat,40.6634048273618
863.0,elevation,47.06787082180381
865.0,lng,-73.97691266955351
865.0,elevation,46.846524563618004
865.0,lat,40.663426228717675
867.0,elevation,46.92925886251032
867.0,lng,-73.97691790736144
867.0,lat,40.66345050288921
869.0,elevation,47.14170048572123
869.0,lng,-73.97692351065896
869.0,lat,40.66346900739531
871.0,lng,-73.97691658129447
871.0,lat,40.663494741694734
871.0,elevation,47.136359261348844
873.0,lat,40.66351884155991
873.0,elevation,47.567383863031864
873.0,lng,-73.97690358179938
875.0,lat,40.663549929210276
875.0,elevation,47.33881020732224
875.0,lng,-73.97689075726457
877.0,elevation,47.29912798013538
877.0,lng,-73.97688855578645
877.0,lat,40.663576082763164
879.0,lng,-73.97689679228503
879.0,lat,40.663601287111
879.0,elevation,47.64786116965115
881.0,lng,-73.97691169159977
881.0,lat,40.66361702959425
881.0,elevation,47.074966312386096
883.0,lng,-73.97692436305724
883.0,lat,40.663640951352335
883.0,elevation,46.819731863215566
886.0,lat,40.66366605932899
886.0,elevation,46.97826940566301
886.0,lng,-73.97693873836197
888.0,elevation,47.40583449508995
888.0,lng,-73.97694734257765
888.0,lat,40.66368671282958
891.0,elevation,47.577390203252435
891.0,lng,-73.97695821575462
891.0,lat,40.663709017861805
893.0,elevation,47.59145739953965
893.0,lat,40.663730581211894
893.0,lng,-73.97697370490944
895.0,lat,40.66375313167025
895.0,elevation,47.53711807355285
895.0,lng,-73.97699609153003
897.0,lat,40.66376418424285
897.0,elevation,47.69535997137427
897.0,lng,-73.97701954547621
899.0,elevation,47.58088958542794
899.0,lng,-73.97702157607041
899.0,lat,40.663786508853285
901.0,lng,-73.977007635683
901.0,lat,40.66380781240606
901.0,elevation,47.71046819910407
903.0,lng,-73.97699051951743
903.0,lat,40.66382290143485
903.0,elevation,47.352284918539226
906.0,lat,40.66384131702936
906.0,elevation,47.67999873496592
906.0,lng,-73.97697222035598
908.0,elevation,48.03459497727454
908.0,lng,-73.97694735999316
908.0,lat,40.663862457095554
909.0,elevation,47.7621985822916
909.0,lng,-73.97693802636883
909.0,lat,40.66388024042736
911.0,elevation,47.892735849134624
911.0,lng,-73.97692301736613
911.0,lat,40.66390577982828
913.0,lng,-73.97690726835333
913.0,lat,40.663922762013485
913.0,elevation,47.909058237448335
915.0,lat,40.6639459140202
915.0,elevation,47.71967798657715
915.0,lng,-73.97689184531013
917.0,lat,40.66396013578417
917.0,elevation,47.96073735971004
917.0,lng,-73.97687543196331
919.0,lat,40.66398367784651
919.0,lng,-73.97686189953261
919.0,elevation,47.87904046662152
921.0,lng,-73.97684422530432
921.0,lat,40.66400234592186
921.0,elevation,48.03849142231047
922.0,lng,-73.97682870653563
922.0,lat,40.664017242304126
922.0,elevation,47.74897292256355
924.0,lat,40.664037290057244
924.0,elevation,48.184990339912474
924.0,lng,-73.97680734079634
926.0,elevation,48.11835895292461
926.0,lng,-73.97678465332532
926.0,lat,40.664060968459964
928.0,elevation,48.1070886105299
928.0,lng,-73.97676101173043
928.0,lat,40.66407921735255
930.0,lng,-73.97673485973388
930.0,lat,40.664090488268485
930.0,elevation,47.997153042815626
932.0,lat,40.664105236421186
932.0,elevation,48.12839795742184
932.0,lng,-73.97670856214387
934.0,lat,40.66412032764039
934.0,elevation,48.12616295274347
934.0,lng,-73.97668333450589
936.0,lat,40.66413038063345
936.0,elevation,47.97116116154939
936.0,lng,-73.97665830984353
938.0,elevation,48.42107104789466
938.0,lng,-73.97663427675589
938.0,lat,40.6641448723533
940.0,lng,-73.97660785106943
940.0,lat,40.6641513959606
940.0,elevation,48.50373494066298
942.0,lng,-73.976583723686
942.0,lat,40.66416350578934
942.0,elevation,48.3060415731743
944.0,lng,-73.97655716298549
944.0,elevation,48.34534592926502
944.0,lat,40.66417291603736
947.0,elevation,48.55300262756646
947.0,lng,-73.97652769152877
947.0,lat,40.66418504452635
950.0,elevation,48.506530036218464
950.0,lng,-73.97652974281651
950.0,lat,40.66420598886704
952.0,lng,-73.9765465588484
952.0,lat,40.664230043370836
952.0,elevation,48.52879306580871
954.0,lat,40.66425231380898
954.0,elevation,48.608261773362756
954.0,lng,-73.97656321468793
956.0,lat,40.66427185624286
956.0,elevation,48.78832926508039
956.0,lng,-73.97657506406894
958.0,lat,40.66429354283229
958.0,lng,-73.97657272048971
958.0,elevation,48.798751645721495
960.0,lng,-73.97657045840764
960.0,lat,40.664320737709176
960.0,elevation,48.63038565311581
962.0,lng,-73.9765684600618
962.0,lat,40.66434737430116
962.0,elevation,48.75481770467013
964.0,lng,-73.97656665203282
964.0,lat,40.66436557977607
964.0,elevation,49.07736400794238
966.0,lat,40.66439111459383
966.0,elevation,48.94134621229023
966.0,lng,-73.97656412471326
968.0,elevation,49.14402273390442
968.0,lng,-73.97656935488546
968.0,lat,40.6644160078502
970.0,elevation,48.99217543005943
970.0,lng,-73.97658426342055
970.0,lat,40.664439538434124
971.0,elevation,48.92239056248218
971.0,lat,40.664453054560084
971.0,lng,-73.97660174724298
973.0,lat,40.66446332806496
973.0,elevation,48.837623122148216
973.0,lng,-73.97662865429494
975.0,lat,40.664480218511315
975.0,elevation,48.75489758886397
975.0,lng,-73.9766497222167
977.0,elevation,48.79758671671152
977.0,lng,-73.9766689102636
977.0,lat,40.66449290949011
979.0,lng,-73.97668621021174
979.0,lat,40.664510355961454
979.0,elevation,48.842932967469096
981.0,lng,-73.97670562309843
981.0,lat,40.66452954998516
981.0,elevation,48.96472979988903
983.0,lat,40.66453781154841
983.0,elevation,48.41960852406919
983.0,lng,-73.97673567184547
985.0,elevation,48.77566934283823
985.0,lng,-73.97676855267547
985.0,lat,40.66454549645896
988.0,elevation,49.08332601841539
988.0,lng,-73.97680168936064
988.0,lat,40.66454378964846
990.0,lat,40.66454927004974
990.0,lng,-73.97683120370088
990.0,elevation,49.397326602600515
992.0,lng,-73.97685898941573
992.0,elevation,49.8093245299533
992.0,lat,40.664547361001475
995.0,elevation,48.83257944881916
995.0,lng,-73.97688232875149
995.0,lat,40.664560348708235
1033.0,lat,40.6645660250712
1033.0,elevation,48.43771094828844
1033.0,lng,-73.97685920677577
1045.0,lat,40.66457600204559
1045.0,lng,-73.9768823178998
1045.0,elevation,48.815996492281556
1047.0,lng,-73.97691787231211
1047.0,elevation,48.56798170879483
1047.0,lat,40.66458811618435
1049.0,lng,-73.97695255339579
1049.0,elevation,48.58465272560716
1049.0,lat,40.66460088397595
1051.0,lng,-73.9769744657219
1051.0,elevation,48.295178649015725
1051.0,lat,40.66461432687639
1053.0,elevation,48.729145001620054
1053.0,lat,40.664631413935155
1053.0,lng,-73.97700123790642
1055.0,lat,40.66464146517797
1055.0,elevation,48.73587685171515
1055.0,lng,-73.97702994504756
1057.0,lat,40.66465428110905
1057.0,lng,-73.97705776052146
1057.0,elevation,48.115273512899876
1059.0,elevation,48.653789517469704
1059.0,lat,40.66467077651352
1059.0,lng,-73.97708680867245
1061.0,lng,-73.97711631004113
1061.0,elevation,47.944645481184125
1061.0,lat,40.66468541230309
1063.0,elevation,48.71327303443104
1063.0,lat,40.66470864020813
1063.0,lng,-73.97713188542383
1065.0,lng,-73.97716072846833
1065.0,elevation,49.05201265402138
1065.0,lat,40.66472003084137
1067.0,elevation,48.89580312650651
1067.0,lat,40.664733530861845
1067.0,lng,-73.97718622902289
1069.0,elevation,48.73950206115842
1069.0,lat,40.664750099222836
1069.0,lng,-73.9772085684065
1071.0,lng,-73.97723500204206
1071.0,lat,40.66476399113625
1071.0,elevation,48.50673543848097
1073.0,lng,-73.97725501542845
1073.0,elevation,48.46940612886101
1073.0,lat,40.66478133628237
1075.0,elevation,48.6088737193495
1075.0,lat,40.66479812813642
1075.0,lng,-73.9772722046627
1077.0,elevation,48.40191425848752
1077.0,lng,-73.97729854534862
1077.0,lat,40.664806055998866
1078.0,lat,40.66482099191591
1078.0,elevation,48.47369278687984
1078.0,lng,-73.97731277289292
1080.0,lat,40.664827920200025
1080.0,lng,-73.97733658417697
1080.0,elevation,48.40546672325581
1082.0,lat,40.6648403095517
1082.0,elevation,48.286324467509985
1082.0,lng,-73.9773700525533
1085.0,lng,-73.97739637239856
1085.0,elevation,48.48340980987996
1085.0,lat,40.664861038037785
1087.0,lat,40.6648805222047
1087.0,elevation,48.605072491802275
1087.0,lng,-73.97742238968468
1089.0,elevation,48.60083849169314
1089.0,lat,40.664898989496024
1089.0,lng,-73.97744025268014
1091.0,elevation,48.26356402412057
1091.0,lng,-73.9774729044745
1091.0,lat,40.66491375147077
1093.0,lng,-73.97749973583427
1093.0,elevation,47.996201649308205
1093.0,lat,40.66493357360544
1095.0,lat,40.66495477664011
1095.0,elevation,47.81711551081389
1095.0,lng,-73.97751387585512
1097.0,elevation,48.103384863585234
1097.0,lng,-73.97754329138263
1097.0,lat,40.664972402477126
1099.0,lng,-73.9775691157604
1099.0,lat,40.66498513449618
1099.0,elevation,48.421773239038885
1101.0,lng,-73.97759035544365
1101.0,elevation,48.06636057887226
1101.0,lat,40.66499741223532
1103.0,lng,-73.9776175542556
1103.0,elevation,48.15847833827138
1103.0,lat,40.66500811413823
1105.0,lat,40.66501618010638
1105.0,elevation,47.68945168610662
1105.0,lng,-73.97764712564718
1107.0,elevation,48.10416233725846
1107.0,lat,40.66502956490809
1107.0,lng,-73.97767155620971
1109.0,lng,-73.9776976519357
1109.0,elevation,48.460194795392454
1109.0,lat,40.66504008978114
1111.0,lat,40.665051757464575
1111.0,lng,-73.97772084175003
1111.0,elevation,48.981427792459726
1113.0,elevation,48.77966191153973
1113.0,lat,40.66506739677657
1113.0,lng,-73.97775566742018
1115.0,elevation,48.04917452763766
1115.0,lat,40.66506489831279
1115.0,lng,-73.97778385341357
1117.0,elevation,47.2873886115849
1117.0,lat,40.665073035577564
1117.0,lng,-73.97780926069059
1119.0,elevation,47.732200040481985
1119.0,lat,40.66509020052648
1119.0,lng,-73.9778332656946
1121.0,elevation,47.27643075585365
1121.0,lat,40.665108819812595
1121.0,lng,-73.97786406337273
1123.0,lng,-73.97789002232167
1123.0,lat,40.665118190080726
1123.0,elevation,46.269216008484364
1124.0,lng,-73.97790540706626
1124.0,elevation,46.329002746380866
1124.0,lat,40.66513261870611
1126.0,elevation,47.298370039090514
1126.0,lat,40.66514324443657
1126.0,lng,-73.97793100247496
1128.0,elevation,47.125888920389116
1128.0,lat,40.66515401011627
1128.0,lng,-73.97795882937018
1130.0,elevation,46.8179255919531
1130.0,lng,-73.97798211862525
1130.0,lat,40.665173520543476
1132.0,lng,-73.97800292307451
1132.0,lat,40.665186242805405
1132.0,elevation,46.58268592879176
1134.0,lng,-73.97803604494406
1134.0,elevation,46.71683687157929
1134.0,lat,40.66519800392204
1136.0,lng,-73.9780619913544
1136.0,lat,40.66520005525113
1136.0,elevation,46.645437696017325
1139.0,lat,40.66521303024297
1139.0,elevation,47.2572332136333
1139.0,lng,-73.97809023637332
1141.0,lng,-73.97810980039262
1141.0,lat,40.66523722346788
1141.0,elevation,46.92167164385319
1143.0,lat,40.665260076451375
1143.0,elevation,46.60324651096016
1143.0,lng,-73.97812724802897
1145.0,lng,-73.97814482881925
1145.0,lat,40.665275033261736
1145.0,elevation,46.2203499218449
1147.0,lat,40.66529632548839
1147.0,lng,-73.9781687912963
1147.0,elevation,46.43501967843622
1149.0,lng,-73.97818158017456
1149.0,elevation,46.428106643259525
1149.0,lat,40.665315080302136
1151.0,elevation,46.271976152434945
1151.0,lat,40.66532739513123
1151.0,lng,-73.97820742884814
1153.0,lng,-73.97823504669604
1153.0,elevation,46.16462577227503
1153.0,lat,40.665345469831244
1155.0,lat,40.66536594978515
1155.0,lng,-73.97825441763486
1155.0,elevation,45.99068619683385
1156.0,lat,40.66538142958681
1156.0,elevation,46.48230187408626
1156.0,lng,-73.9782682797074
1159.0,lat,40.66539533540755
1159.0,elevation,46.499200846999884
1159.0,lng,-73.97829856502025
1161.0,elevation,45.540345741435885
1161.0,lng,-73.97832508500603
1161.0,lat,40.66541590170022
1164.0,elevation,46.30512417387217
1164.0,lat,40.66543495515265
1164.0,lng,-73.97834837382177
1166.0,lng,-73.97837490299322
1166.0,elevation,46.4176869308576
1166.0,lat,40.66545109624357
1169.0,elevation,46.29829995241016
1169.0,lng,-73.97841193769312
1169.0,lat,40.6654699044937
1171.0,lng,-73.97843263826691
1171.0,elevation,46.2972029550001
1171.0,lat,40.665492125523436
1173.0,lat,40.66549998404549
1173.0,lng,-73.97845973146372
1173.0,elevation,46.05093321856111
1175.0,elevation,45.89357342850417
1175.0,lat,40.665503319282664
1175.0,lng,-73.97849279586131
1177.0,elevation,45.87051924970001
1177.0,lat,40.66551450542362
1177.0,lng,-73.97852356996702
1179.0,elevation,45.31478729378432
1179.0,lng,-73.97854953407536
1179.0,lat,40.66551727917727
1181.0,lng,-73.97857600766649
1181.0,elevation,45.68359442893416
1181.0,lat,40.66552981098445
1184.0,elevation,45.241364331915975
1184.0,lat,40.66551918882413
1184.0,lng,-73.97859731349351
1186.0,elevation,44.917551764287055
1186.0,lng,-73.97862726856759
1186.0,lat,40.66551764319838
1189.0,elevation,45.377381503582
1189.0,lng,-73.97865935702015
1189.0,lat,40.665532163124304
1191.0,elevation,45.26397996675223
1191.0,lng,-73.97868144555699
1191.0,lat,40.665552187359815
1193.0,elevation,45.416546918451786
1193.0,lng,-73.97871602186798
1193.0,lat,40.66557532725346
1195.0,lng,-73.97874824704928
1195.0,lat,40.665586264374454
1195.0,elevation,45.08390352316201
1197.0,lng,-73.97877451727926
1197.0,elevation,45.446798955090344
1197.0,lat,40.66560456668237
1199.0,elevation,45.337236990220845
1199.0,lat,40.6656166107821
1199.0,lng,-73.97880184954127
1201.0,elevation,44.880839904770255
1201.0,lat,40.66562135103837
1201.0,lng,-73.97883080880135
1203.0,elevation,44.973040574230254
1203.0,lat,40.66563905320349
1203.0,lng,-73.97885387132364
1205.0,lat,40.66564989439442
1205.0,lng,-73.9788834489665
1205.0,elevation,44.512078997679055
1207.0,lat,40.66566618302154
1207.0,elevation,44.57860681600869
1207.0,lng,-73.97891084582574
1208.0,elevation,44.94811108056456
1208.0,lat,40.665678378343095
1208.0,lng,-73.9789296035054
1210.0,elevation,44.970033505000174
1210.0,lat,40.66570174982575
1210.0,lng,-73.97895027340061
1212.0,lng,-73.97898214456062
1212.0,elevation,44.6075078304857
1212.0,lat,40.6657115233975
1214.0,elevation,44.165091258473694
1214.0,lng,-73.97901093978489
1214.0,lat,40.66572194588671
1216.0,lat,40.665737500611144
1216.0,elevation,44.18104055151343
1216.0,lng,-73.97903969403824
1218.0,elevation,43.6029020389542
1218.0,lat,40.6657512652124
1218.0,lng,-73.97906104551123
1220.0,lat,40.66576543678967
1220.0,lng,-73.97908420539694
1220.0,elevation,44.41063222754747
1222.0,lng,-73.97911049229226
1222.0,lat,40.66576535152625
1222.0,elevation,43.64979867823422
1224.0,lat,40.66576980859839
1224.0,elevation,43.21162063162774
1224.0,lng,-73.97913528861618
1229.0,elevation,43.714077052660286
1229.0,lng,-73.97916136899082
1229.0,lat,40.665762558542234
1231.0,elevation,43.43339356593788
1231.0,lng,-73.97916671846812
1231.0,lat,40.66574419380491
1234.0,elevation,43.75481805950403
1234.0,lat,40.66572851144207
1234.0,lng,-73.97917883215665
1238.0,lat,40.66571134685081
1238.0,lng,-73.97918772176139
1238.0,elevation,43.640976277180016
1247.0,elevation,43.30426688119769
1247.0,lat,40.66569330782282
1247.0,lng,-73.9792036767393
1252.0,lng,-73.97923453688394
1252.0,lat,40.66570454764667
1252.0,elevation,43.40043170098215
1258.0,elevation,43.32564306166023
1258.0,lat,40.66572182823519
1258.0,lng,-73.97924474899648
1262.0,lat,40.665728653274904
1262.0,elevation,43.69734329730272
1262.0,lng,-73.97927802255467
1264.0,lat,40.665742727921064
1264.0,elevation,43.62570553738624
1264.0,lng,-73.97931303432685
1266.0,elevation,43.24859741702676
1266.0,lng,-73.97933979231006
1266.0,lat,40.66575061388764
1268.0,lng,-73.97936571029437
1268.0,elevation,43.33932940848172
1268.0,lat,40.66575891492545
1270.0,lng,-73.97939402339384
1270.0,elevation,43.11789292190224
1270.0,lat,40.665779618801956
1273.0,elevation,43.108140426687896
1273.0,lng,-73.97943067181203
1273.0,lat,40.665781693492775
1275.0,lng,-73.9794487889072
1275.0,elevation,42.75451665464789
1275.0,lat,40.66579679151711
1277.0,lat,40.66580620360324
1277.0,lng,-73.97947197704343
1277.0,elevation,43.26315095927566
1280.0,elevation,42.90339233446866
1280.0,lng,-73.97950530737837
1280.0,lat,40.665822353132896
1282.0,lat,40.66582942109474
1282.0,elevation,42.99060426466167
1282.0,lng,-73.97952769172278
1284.0,lat,40.665843441697184
1284.0,lng,-73.97954528967391
1284.0,elevation,42.97953509353101
1285.0,lat,40.665859950166976
1285.0,elevation,43.03663774486631
1285.0,lng,-73.97956273976777
1287.0,lng,-73.97958591665785
1287.0,elevation,43.007043353281915
1287.0,lat,40.66586873163087
1289.0,elevation,42.49207006767392
1289.0,lat,40.6658796787659
1289.0,lng,-73.97961259000063
1291.0,lng,-73.97963616070945
1291.0,elevation,42.741947619244456
1291.0,lat,40.66589091189435
1294.0,elevation,42.543482090346515
1294.0,lng,-73.97967379512274
1294.0,lat,40.66590320710353
1296.0,elevation,42.476810273714364
1296.0,lng,-73.97969697367786
1296.0,lat,40.66591811794418
1298.0,lat,40.665932634867545
1298.0,lng,-73.97972895895754
1298.0,elevation,42.52498759422451
1300.0,lat,40.66595091589754
1300.0,lng,-73.97975532336073
1300.0,elevation,42.39156728144735
1302.0,lng,-73.97978252388288
1302.0,lat,40.66596183084352
1302.0,elevation,42.336557645350695
1304.0,lng,-73.97980782876868
1304.0,lat,40.66597198039406
1304.0,elevation,42.276287271641195
1306.0,lng,-73.97984080170514
1306.0,elevation,42.00268129725009
1306.0,lat,40.665979127029274
1308.0,elevation,41.73993422742933
1308.0,lng,-73.97987064153838
1308.0,lat,40.665990559351656
1310.0,lng,-73.97989200287928
1310.0,elevation,41.80888495221734
1310.0,lat,40.666000297138595
1312.0,lng,-73.97991439158278
1312.0,elevation,41.87672571185976
1312.0,lat,40.66601139010744
1314.0,lng,-73.97994054350175
1314.0,lat,40.666028202651106
1314.0,elevation,42.236374696716666
1317.0,elevation,41.76873752102256
1317.0,lat,40.66604497584911
1317.0,lng,-73.97997181709886
1319.0,elevation,41.97062696702778
1319.0,lat,40.6660626504086
1319.0,lng,-73.97999787945953
1321.0,lat,40.66607178034991
1321.0,lng,-73.98002803748106
1321.0,elevation,41.42070033401251
1323.0,elevation,41.64131982065737
1323.0,lng,-73.98005202862556
1323.0,lat,40.666083184376596
1325.0,lng,-73.98007802802029
1325.0,elevation,41.37694424763322
1325.0,lat,40.66608808754729
1327.0,lat,40.666110988475076
1327.0,elevation,41.39026488177478
1327.0,lng,-73.98010492289836
1329.0,elevation,41.35429117549211
1329.0,lat,40.666116803923906
1329.0,lng,-73.9801372407995
1332.0,elevation,41.29726231191307
1332.0,lng,-73.98017594108018
1332.0,lat,40.66613088943991
1334.0,lng,-73.98020185874573
1334.0,lat,40.66614753410507
1334.0,elevation,41.125920058228076
1337.0,elevation,40.89629081636667
1337.0,lng,-73.98023555079806
1337.0,lat,40.6661591262843
1339.0,lng,-73.98026592153194
1339.0,lat,40.666170345267915
1339.0,elevation,41.18765164259821
1342.0,lng,-73.98029892764562
1342.0,lat,40.66618417305326
1342.0,elevation,40.62815769109875
1344.0,lat,40.66618511987891
1344.0,elevation,40.50248185917735
1344.0,lng,-73.98032464455275
1345.0,lng,-73.98033558918847
1345.0,lat,40.666201948790324
1345.0,elevation,40.697290590032935
1347.0,lng,-73.98036414296527
1347.0,lat,40.666207533122375
1347.0,elevation,40.53943611681461
1349.0,lat,40.666214692720345
1349.0,elevation,40.425839121453464
1349.0,lng,-73.98038593313792
1352.0,lat,40.66622166289818
1352.0,elevation,40.035556302405894
1352.0,lng,-73.98042087691027
1354.0,lng,-73.98044343799144
1354.0,elevation,39.971204452216625
1354.0,lat,40.66624671814327
1355.0,lng,-73.980465063873
1355.0,lat,40.666255076050575
1355.0,elevation,39.81230494193733
1357.0,elevation,39.82516471669078
1357.0,lng,-73.98049134411198
1357.0,lat,40.66627630197234
1359.0,lat,40.66628394117239
1359.0,elevation,40.15548650827259
1359.0,lng,-73.98052153447999
1361.0,elevation,39.89797605201602
1361.0,lng,-73.98055098894606
1361.0,lat,40.666289724392016
1363.0,elevation,39.79551257379353
1363.0,lng,-73.98058049780816
1363.0,lat,40.66631105659109
1365.0,elevation,39.61393722798675
1365.0,lat,40.66632816186485
1365.0,lng,-73.98060622756617
1367.0,lat,40.66633706962311
1367.0,lng,-73.9806385199063
1367.0,elevation,39.70725307799876
1370.0,lat,40.66633769565222
1370.0,lng,-73.98066787643077
1370.0,elevation,39.5435191327706
1372.0,lng,-73.9806905669891
1372.0,elevation,39.14587224088609
1372.0,lat,40.66636178596691
1374.0,lng,-73.98071492075738
1374.0,elevation,39.177787891589105
1374.0,lat,40.66637835757222
1376.0,elevation,39.13976870756596
1376.0,lat,40.66639930723548
1376.0,lng,-73.98073591189775
1378.0,elevation,38.92471183557063
1378.0,lat,40.66641670261439
1378.0,lng,-73.9807617037015
1380.0,elevation,39.40598069690168
1380.0,lng,-73.98079289543392
1380.0,lat,40.66642568904598
1382.0,lat,40.66644368413901
1382.0,elevation,38.84405957441777
1382.0,lng,-73.98081533896422
1384.0,lat,40.666457069610594
1384.0,lng,-73.98083709893581
1384.0,elevation,38.7947438294068
1386.0,lat,40.66647805037576
1386.0,lng,-73.98085582389858
1386.0,elevation,38.81878369953483
1388.0,lng,-73.98087669929816
1388.0,lat,40.66650062791593
1388.0,elevation,38.74293000996113
1390.0,lng,-73.98090020679467
1390.0,lat,40.66651924349938
1390.0,elevation,38.843282187357545
1392.0,lat,40.66653318076012
1392.0,elevation,39.032724062912166
1392.0,lng,-73.98092140150379
1394.0,elevation,38.84094855282456
1394.0,lat,40.666547350339364
1394.0,lng,-73.98094442674096
1397.0,elevation,38.83452443871647
1397.0,lat,40.66656216766037
1397.0,lng,-73.98098061589062
1399.0,lat,40.66655472215836
1399.0,lng,-73.9810085370991
1399.0,elevation,38.909336626529694
1401.0,elevation,38.420634529553354
1401.0,lat,40.666567653219076
1401.0,lng,-73.98103956992051
1403.0,lng,-73.98105761666503
1403.0,elevation,38.379992576316
1403.0,lat,40.666581260587556
1405.0,elevation,38.16621560044587
1405.0,lng,-73.98108187034367
1405.0,lat,40.66657446511137
1407.0,elevation,38.7092765904963
1407.0,lng,-73.98111534380995
1407.0,lat,40.66657704855405
1409.0,elevation,38.07146498467773
1409.0,lat,40.6665937415251
1409.0,lng,-73.98113851606577
1411.0,lng,-73.98116749155957
1411.0,elevation,38.30548263620585
1411.0,lat,40.666608308361596
1413.0,elevation,38.11211747210473
1413.0,lat,40.66662332876366
1413.0,lng,-73.98118997946062
1416.0,lat,40.66664263854166
1416.0,elevation,37.424038019031286
1416.0,lng,-73.98121994216413
1418.0,lat,40.66665019446904
1418.0,lng,-73.98125452287928
1418.0,elevation,37.18935498595238
1420.0,lat,40.666664212872256
1420.0,elevation,37.5263650957495
1420.0,lng,-73.98128536645747
1422.0,elevation,37.40562583506107
1422.0,lat,40.66667030151024
1422.0,lng,-73.98131248482963
1424.0,lat,40.666673544157774
1424.0,elevation,37.848487383686006
1424.0,lng,-73.98133600735558
1426.0,lat,40.66668760949497
1426.0,lng,-73.98136487569059
1426.0,elevation,37.13076844997704
1428.0,lat,40.666703425922826
1428.0,elevation,37.35560883115977
1428.0,lng,-73.98139580488225
1431.0,elevation,36.61205930262804
1431.0,lat,40.66673114454236
1431.0,lng,-73.98142700155887
1433.0,elevation,36.46072337869555
1433.0,lng,-73.98145373532975
1433.0,lat,40.66673954703577
1435.0,lng,-73.98147598755769
1435.0,elevation,36.621244446374476
1435.0,lat,40.66674985117009
1437.0,lng,-73.98151124133214
1437.0,elevation,36.83171181101352
1437.0,lat,40.66675386793027
1439.0,lat,40.66677160831244
1439.0,elevation,36.86151174735278
1439.0,lng,-73.98153674454434
1441.0,elevation,36.6977159390226
1441.0,lat,40.66678975730226
1441.0,lng,-73.98155217524904
1447.0,lng,-73.98155003807061
1447.0,elevation,35.42291982844472
1447.0,lat,40.666808338454864
1455.0,lat,40.6668278421933
1455.0,lng,-73.98154077445211
1455.0,elevation,37.011522963643074
1463.0,lat,40.66684562397305
1463.0,elevation,36.86096299625933
1463.0,lng,-73.98153427823377
1475.0,lat,40.66686745597108
1475.0,elevation,37.59126155357808
1475.0,lng,-73.98151989957108
1477.0,lat,40.6668840332963
1477.0,elevation,37.82503744959831
1477.0,lng,-73.98150335845479
1479.0,elevation,36.95373179577291
1479.0,lng,-73.98149202626651
1479.0,lat,40.6669008131591
1482.0,lat,40.66691815542715
1482.0,lng,-73.9814768386936
1482.0,elevation,36.324639541096985
1484.0,lat,40.666934473805306
1484.0,lng,-73.9814610602203
1484.0,elevation,36.729845077730715
1486.0,elevation,36.32222388032824
1486.0,lat,40.666952970603525
1486.0,lng,-73.98144457444417
1488.0,elevation,36.58252661395818
1488.0,lng,-73.9814296281508
1488.0,lat,40.66697118099601
1492.0,elevation,36.34759976901114
1492.0,lat,40.666987456952924
1492.0,lng,-73.98140336915742
1495.0,elevation,36.167051863856614
1495.0,lat,40.66700677444822
1495.0,lng,-73.98139421765593
1497.0,elevation,36.08443977124989
1497.0,lat,40.66702492545481
1497.0,lng,-73.98138623139221
1499.0,lat,40.66704701094044
1499.0,elevation,36.83413497824222
1499.0,lng,-73.98136843572614
1501.0,lat,40.66706713343748
1501.0,elevation,36.05253374110907
1501.0,lng,-73.98136078884647
1505.0,lng,-73.98135327750965
1505.0,elevation,36.09560187533498
1505.0,lat,40.66708844944216
1507.0,lng,-73.98134405258956
1507.0,elevation,36.40562396124005
1507.0,lat,40.66710541631152
1508.0,lng,-73.98133139869825
1508.0,elevation,36.041610734537244
1508.0,lat,40.66712410223447
1510.0,lng,-73.98132069681286
1510.0,lat,40.667149920737025
1510.0,elevation,35.729893940500915
1512.0,elevation,35.64363447763026
1512.0,lng,-73.98130712974778
1512.0,lat,40.66716693362044
1514.0,elevation,35.59338380303234
1514.0,lng,-73.98129093871961
1514.0,lat,40.66719890602011
1516.0,lng,-73.98128179833331
1516.0,lat,40.66721837182669
1516.0,elevation,35.75791114009917
1519.0,elevation,35.825452364981174
1519.0,lng,-73.98126656372644
1519.0,lat,40.667250720081654
1521.0,lng,-73.98125748957436
1521.0,elevation,35.42420276906341
1521.0,lat,40.66727250308584
1523.0,elevation,35.71936731413007
1523.0,lng,-73.98123821546773
1523.0,lat,40.667299074707735
1525.0,elevation,35.65181236714125
1525.0,lat,40.667318913406206
1525.0,lng,-73.9812344331191
1527.0,lat,40.66734242636508
1527.0,lng,-73.98121889796104
1527.0,elevation,34.61666666157544
1531.0,elevation,34.69654658064246
1531.0,lat,40.66736348939369
1531.0,lng,-73.98119553185639
1533.0,lng,-73.98117306549462
1533.0,elevation,34.74843593407422
1533.0,lat,40.66737361419861
1536.0,lng,-73.98113960614658
1536.0,lat,40.66738536599159
1536.0,elevation,35.026172399520874
1538.0,elevation,34.731201835907996
1538.0,lat,40.66738821401376
1538.0,lng,-73.98110279867609
1540.0,lat,40.66740298796843
1540.0,lng,-73.98107637604977
1540.0,elevation,35.42068571224809
1542.0,lng,-73.98104417464509
1542.0,lat,40.66742231684448
1542.0,elevation,35.04525138717145
1544.0,elevation,35.63053767289966
1544.0,lng,-73.9810207711656
1544.0,lat,40.66743959787319
1547.0,lng,-73.98100104058315
1547.0,elevation,35.676179410889745
1547.0,lat,40.66746970536081
1549.0,lng,-73.98099039923453
1549.0,elevation,35.45904287416488
1549.0,lat,40.66749133383194
1551.0,elevation,35.53384076617658
1551.0,lng,-73.98097039561094
1551.0,lat,40.66751758753566
1553.0,lat,40.66753686053161
1553.0,lng,-73.98095717796124
1553.0,elevation,35.571608456783
1555.0,lat,40.66756108456906
1555.0,lng,-73.98093428020907
1555.0,elevation,34.912318027578294
1557.0,lat,40.667591359520394
1557.0,lng,-73.98091951765396
1557.0,elevation,35.48967252019793
1559.0,lat,40.66761049500992
1559.0,elevation,35.45813836622983
1559.0,lng,-73.98090627589548
1561.0,elevation,35.48658142704517
1561.0,lng,-73.98088788624516
1561.0,lat,40.66763025851273
1563.0,elevation,35.224823468364775
1563.0,lng,-73.98087104022346
1563.0,lat,40.667644100407976
1566.0,elevation,35.1948973974213
1566.0,lng,-73.98085065998156
1566.0,lat,40.66765929503597
1568.0,lat,40.667677770237766
1568.0,elevation,34.829559152945876
1568.0,lng,-73.98084161299566
1572.0,lat,40.66769597285513
1572.0,lng,-73.98081376125582
1572.0,elevation,35.90572407376021
1574.0,lat,40.66772328294083
1574.0,elevation,35.965618637390435
1574.0,lng,-73.98080351137136
1576.0,lat,40.66775279520242
1576.0,elevation,35.338931567035615
1576.0,lng,-73.98078189782815
1578.0,elevation,35.743521145544946
1578.0,lng,-73.980770371254
1578.0,lat,40.6677809235275
1579.0,lat,40.66779730893365
1579.0,lng,-73.98075853937554
1579.0,elevation,35.01598825678229
1581.0,lng,-73.9807595855621
1581.0,elevation,34.336839507333934
1581.0,lat,40.66781871707074
1583.0,lng,-73.98074197527055
1583.0,elevation,34.68654343020171
1583.0,lat,40.66783801634648
1584.0,lat,40.667856230081675
1584.0,elevation,34.78306233882904
1584.0,lng,-73.98073873405642
1586.0,elevation,35.18103814404458
1586.0,lng,-73.98073426678205
1586.0,lat,40.66787909051977
1588.0,elevation,35.66549542825669
1588.0,lng,-73.98070951139073
1588.0,lat,40.66789411175273
1590.0,elevation,34.98570743389428
1590.0,lng,-73.98068949230793
1590.0,lat,40.66791412289553
1592.0,lat,40.66793170518617
1592.0,lng,-73.98067498028158
1592.0,elevation,35.21070768684149
1594.0,lng,-73.98066105433094
1594.0,elevation,35.43820095807314
1594.0,lat,40.66795304073488
1596.0,lat,40.66797111399261
1596.0,elevation,34.95009017921984
1596.0,lng,-73.98065643904266
1598.0,lat,40.66799105557945
1598.0,elevation,34.90835253801197
1598.0,lng,-73.98064489935943
1600.0,elevation,35.257055147551
1600.0,lng,-73.98061623523164
1600.0,lat,40.66800410132548
1601.0,lat,40.66800791147118
1601.0,elevation,35.08562717679888
1601.0,lng,-73.98059108187735
1603.0,lat,40.66802840411067
1603.0,elevation,35.089115638285875
1603.0,lng,-73.98056469129601
1605.0,lng,-73.98053783188084
1605.0,lat,40.668048054292825
1605.0,elevation,34.87018841598183
1608.0,lng,-73.98052316043514
1608.0,lat,40.668062473237704
1608.0,elevation,35.02249088138342
1619.0,lat,40.66807819155359
1619.0,elevation,35.177599399350584
1619.0,lng,-73.9805385803352
1635.0,lng,-73.98056775593808
1635.0,elevation,35.3473536381498
1635.0,lat,40.668086133436276
1638.0,elevation,35.57489774655551
1638.0,lat,40.6681011260724
1638.0,lng,-73.98059811445162
1640.0,lat,40.66811516209074
1640.0,lng,-73.98061697067259
1640.0,elevation,35.63142513111234
1642.0,lng,-73.98063955713013
1642.0,elevation,35.445029587484896
1642.0,lat,40.66812792371493
1645.0,elevation,35.61326842196286
1645.0,lat,40.668133980657174
1645.0,lng,-73.98066729801707
1648.0,lat,40.66811219379346
1648.0,elevation,35.45743314642459
1648.0,lng,-73.98067201372187
1650.0,lng,-73.98068014220776
1650.0,lat,40.668089944261034
1650.0,elevation,35.278445079922676
1652.0,lng,-73.98069275899549
1652.0,lat,40.66805732591267
1652.0,elevation,34.94446543417871
1654.0,lng,-73.98069714199458
1654.0,lat,40.66802993342164
1654.0,elevation,35.83973628655076
1656.0,elevation,35.44435625616461
1656.0,lng,-73.98069917016126
1656.0,lat,40.668008658379556
1658.0,lng,-73.98070056263593
1658.0,lat,40.667986382923544
1658.0,elevation,35.483399954624474
1660.0,elevation,35.794314440339804
1660.0,lng,-73.98070449256228
1660.0,lat,40.66796790644506
1661.0,elevation,36.025841048918664
1661.0,lng,-73.98071323072661
1661.0,lat,40.66794020580316
1663.0,lat,40.66791469699596
1663.0,lng,-73.98071453054314
1663.0,elevation,35.940829428844154
1665.0,lat,40.66788637787066
1665.0,lng,-73.98071761308184
1665.0,elevation,36.06523856893182
1667.0,lat,40.66785851549467
1667.0,lng,-73.98071931371517
1667.0,elevation,35.635312451049685
1669.0,elevation,36.030896712094545
1669.0,lng,-73.9807302171532
1669.0,lat,40.667825976369464
1670.0,lng,-73.98073375032918
1670.0,elevation,35.99053684156388
1670.0,lat,40.66780689590822
1672.0,lng,-73.98075597983966
1672.0,elevation,36.08474471140653
1672.0,lat,40.66778270682623
1674.0,lng,-73.98077028621015
1674.0,elevation,36.24457923974842
1674.0,lat,40.66776616474091
1677.0,elevation,36.42871712055057
1677.0,lng,-73.98080143990616
1677.0,lat,40.66774506959083
1680.0,lng,-73.98081515406963
1680.0,elevation,36.24139292631298
1680.0,lat,40.667714107476684
1682.0,lat,40.667693610628056
1682.0,lng,-73.98082285937173
1682.0,elevation,36.08336212206632
1684.0,lat,40.66767406123058
1684.0,lng,-73.98083457633525
1684.0,elevation,35.82123441901058
1686.0,elevation,36.39249811787158
1686.0,lat,40.6676473466859
1686.0,lng,-73.9808461007741
1688.0,lat,40.66761957508448
1688.0,elevation,36.60798012744635
1688.0,lng,-73.98084912920834
1692.0,lat,40.66759067183866
1692.0,lng,-73.9808640664661
1692.0,elevation,37.20153909921646
1694.0,elevation,37.20453786384314
1694.0,lng,-73.98088115024183
1694.0,lat,40.66757313952323
1698.0,elevation,37.01268227212131
1698.0,lat,40.667560144260314
1698.0,lng,-73.98090726740615
1701.0,elevation,36.900735430419445
1701.0,lat,40.6675660318108
1701.0,lng,-73.98093051233991
1706.0,lat,40.66756529345782
1706.0,elevation,36.70595277659595
1706.0,lng,-73.98095908770333
1711.0,elevation,36.507592940703034
1711.0,lat,40.66755973101956
1711.0,lng,-73.98098423308535
1715.0,lng,-73.98101255809505
1715.0,lat,40.667555936455734
1715.0,elevation,36.40723806899041
1718.0,lat,40.66755936527841
1718.0,elevation,36.31741623394191
1718.0,lng,-73.98103663447061
1722.0,lat,40.667542822592765
1722.0,elevation,36.371440469287336
1722.0,lng,-73.9810696737108
1724.0,elevation,35.69514753110707
1724.0,lng,-73.98109256833432
1724.0,lat,40.66752247322222
1726.0,elevation,35.89984314329922
1726.0,lng,-73.98111669153569
1726.0,lat,40.6675069374169
1731.0,elevation,35.359227559529245
1731.0,lng,-73.98113506181188
1731.0,lat,40.66748226695454
1733.0,elevation,36.11905421037227
1733.0,lng,-73.98115320649383
1733.0,lat,40.66746184775101
1735.0,elevation,36.502505459822714
1735.0,lng,-73.98116590753477
1735.0,lat,40.66743938805922
1737.0,lng,-73.98116294283699
1737.0,elevation,36.26646307576448
1737.0,lat,40.667415119261825
1738.0,lng,-73.9811683256723
1738.0,elevation,36.37648939527571
1738.0,lat,40.66739413272535
1739.0,lat,40.667376447705635
1739.0,lng,-73.98117713246491
1739.0,elevation,36.64186419453472
1741.0,lng,-73.98117887490996
1741.0,elevation,36.20804900024086
1741.0,lat,40.66734479182532
1743.0,elevation,36.64269762299955
1743.0,lng,-73.98117511661262
1743.0,lat,40.66731736018509
1745.0,lat,40.66729613871778
1745.0,elevation,36.39842169173062
1745.0,lng,-73.98118053981511
1747.0,elevation,36.57689811382443
1747.0,lat,40.6672681179337
1747.0,lng,-73.98119138507717
1750.0,elevation,36.51536282058805
1750.0,lat,40.667247146277326
1750.0,lng,-73.98119604243311
1752.0,lng,-73.98120472730466
1752.0,lat,40.6672301938288
1752.0,elevation,36.75689787045121
1753.0,elevation,37.397552421316504
1753.0,lng,-73.98121350211258
1753.0,lat,40.66721323283939
1755.0,lat,40.667186536550005
1755.0,elevation,37.05446529015899
1755.0,lng,-73.98122581605752
1758.0,elevation,36.937829500995576
1758.0,lng,-73.98123789507588
1758.0,lat,40.667162849933405
1761.0,elevation,37.056867433711886
1761.0,lat,40.66713924311273
1761.0,lng,-73.98124733067772
1764.0,lng,-73.98127444782251
1764.0,lat,40.66712032735811
1764.0,elevation,37.2716308394447
1765.0,lng,-73.98128127794864
1765.0,lat,40.667101092120255
1765.0,elevation,37.40592077746987
1767.0,lng,-73.98128099805736
1767.0,lat,40.667079364057024
1767.0,elevation,37.293687301687896
1769.0,elevation,37.11497295089066
1769.0,lat,40.667054997706124
1769.0,lng,-73.98131133318155
1771.0,elevation,37.196031655184925
1771.0,lng,-73.98133624570072
1771.0,lat,40.66704812175403
1773.0,elevation,37.14324510842562
1773.0,lat,40.667039067614475
1773.0,lng,-73.98137527120954
1775.0,lat,40.66702323045164
1775.0,lng,-73.98142517637116
1775.0,elevation,36.89504637103528
1776.0,lng,-73.98146325325578
1776.0,lat,40.66702804513258
1776.0,elevation,36.12354747019708
1777.0,lat,40.66702760582242
1777.0,elevation,36.22240346856415
1777.0,lng,-73.98149080516859
1779.0,elevation,36.33547467458993
1779.0,lng,-73.98153259046312
1779.0,lat,40.6670200802652
1781.0,elevation,36.45489968545735
1781.0,lat,40.667000967283194
1781.0,lng,-73.98157253833696
1783.0,elevation,36.30033900029957
1783.0,lng,-73.98160238482356
1783.0,lat,40.6669871677626
1785.0,lng,-73.98163053098314
1785.0,elevation,36.48899135366082
1785.0,lat,40.66697217018439
1787.0,lat,40.66695378179401
1787.0,lng,-73.98164737774967
1787.0,elevation,36.30544968135655
1789.0,elevation,36.51386299729347
1789.0,lat,40.66693468804688
1789.0,lng,-73.98166312980968
1791.0,elevation,36.569167107343674
1791.0,lat,40.66691496025662
1791.0,lng,-73.98167893099311
1793.0,lat,40.66689714224607
1793.0,lng,-73.98169420272193
1793.0,elevation,36.2308174232021
1795.0,lat,40.66687459183237
1795.0,lng,-73.9817097776141
1795.0,elevation,36.67382981069386
1797.0,lng,-73.98172189708835
1797.0,lat,40.66685722427563
1797.0,elevation,36.340513817965984
1799.0,lat,40.66683276350672
1799.0,elevation,36.65788822248578
1799.0,lng,-73.98173132169177
1801.0,lat,40.66680423744377
1801.0,lng,-73.9817463818418
1801.0,elevation,36.328885558992624
1803.0,lng,-73.9817644049809
1803.0,elevation,36.54341578390449
1803.0,lat,40.66678487506624
1805.0,lat,40.666759037981436
1805.0,elevation,36.773838507942855
1805.0,lng,-73.98176886336115
1807.0,elevation,37.027533331885934
1807.0,lat,40.666733265328396
1807.0,lng,-73.98178384470997
1810.0,lng,-73.98179304170141
1810.0,lat,40.66670831719306
1810.0,elevation,37.12652989011258
1812.0,lng,-73.98180221509581
1812.0,lat,40.66668686170822
1812.0,elevation,36.894968243315816
1815.0,elevation,37.47179211489856
1815.0,lat,40.666663831042335
1815.0,lng,-73.98181545777027
1818.0,lng,-73.98181226742629
1818.0,lat,40.666643604050094
1818.0,elevation,37.35647119395435
1820.0,lat,40.66661437869429
1820.0,elevation,37.47879320848733
1820.0,lng,-73.98182454702467
1822.0,elevation,37.64236677065492
1822.0,lat,40.66658880761966
1822.0,lng,-73.98184038231697
1824.0,lat,40.6665611170302
1824.0,lng,-73.98184384663908
1824.0,elevation,37.52927116397768
1826.0,lat,40.66654803189617
1826.0,lng,-73.98186664612486
1826.0,elevation,37.560452359728515
1827.0,lat,40.66653627867342
1827.0,lng,-73.981886665186
1827.0,elevation,37.56380999088287
1829.0,lng,-73.98190751645923
1829.0,lat,40.66651546806034
1829.0,elevation,37.402975868433714
1831.0,lng,-73.98193058216248
1831.0,lat,40.666499909570426
1831.0,elevation,37.76476303767413
1833.0,elevation,37.8236505901441
1833.0,lat,40.66647749056959
1833.0,lng,-73.98194024333748
1835.0,elevation,37.77440481912345
1835.0,lng,-73.98193959008317
1835.0,lat,40.66644656505678
1838.0,lng,-73.98196479487434
1838.0,lat,40.66643064558852
1838.0,elevation,38.17310258373618
1840.0,lng,-73.98200256645654
1840.0,lat,40.66642584796859
1840.0,elevation,37.79668203368783
1842.0,elevation,37.78732304740697
1842.0,lng,-73.9820340355664
1842.0,lat,40.66642464427363
1844.0,lng,-73.98206941072472
1844.0,lat,40.66641513309342
1844.0,elevation,37.60664429794997
1846.0,lng,-73.98208867439142
1846.0,elevation,37.44730734266341
1846.0,lat,40.666403849753614
1848.0,elevation,38.00436207279563
1848.0,lng,-73.98210376554977
1848.0,lat,40.66638016870395
1850.0,lng,-73.9821215401449
1850.0,lat,40.66636067589634
1850.0,elevation,38.25969635695219
1853.0,elevation,38.27772326488048
1853.0,lng,-73.98213984867407
1853.0,lat,40.666336646735886
1855.0,lng,-73.9821593795205
1855.0,lat,40.666316603777624
1855.0,elevation,38.4274832662195
1857.0,lat,40.666294639984166
1857.0,elevation,38.17213015258312
1857.0,lng,-73.9821711728547
1859.0,lat,40.66627370071038
1859.0,lng,-73.98219121213785
1859.0,elevation,38.2954493034631
1861.0,lat,40.66625716081858
1861.0,lng,-73.98221215930516
1861.0,elevation,38.41948889289051
1863.0,elevation,38.07438366860151
1863.0,lat,40.66623827080984
1863.0,lng,-73.98222355219438
1865.0,lat,40.666213474519544
1865.0,lng,-73.98224557911276
1865.0,elevation,38.37560135498643
1867.0,elevation,37.65379985794425
1867.0,lat,40.66618639977498
1867.0,lng,-73.982266101651
1869.0,elevation,37.968729126267135
1869.0,lng,-73.98227742908789
1869.0,lat,40.66616601975638
1872.0,elevation,38.35014015249908
1872.0,lat,40.66614278053767
1872.0,lng,-73.9822912014182
1874.0,elevation,38.46122024953365
1874.0,lat,40.66611254187433
1874.0,lng,-73.98230304128646
1876.0,lat,40.666096051955364
1876.0,elevation,38.571411850862205
1876.0,lng,-73.98232230746635
1878.0,lat,40.66607235747975
1878.0,lng,-73.98232384993463
1878.0,elevation,38.75731447804719
1880.0,elevation,38.69894233997911
1880.0,lat,40.66604256806075
1880.0,lng,-73.98232008912248
1882.0,elevation,38.495997675694525
1882.0,lng,-73.98232395027806
1882.0,lat,40.66602087777659
1884.0,elevation,38.44578305911273
1884.0,lng,-73.98233579294974
1884.0,lat,40.66599000005648
1886.0,elevation,38.762742773629725
1886.0,lat,40.66596867730624
1886.0,lng,-73.98233817434966
1888.0,lng,-73.98235126990993
1888.0,lat,40.6659510406817
1888.0,elevation,38.61530694831163
1891.0,lng,-73.98235638966767
1891.0,elevation,38.25127172563225
1891.0,lat,40.66591974343882
1893.0,lat,40.66589039856469
1893.0,lng,-73.98235850863425
1893.0,elevation,38.51243657525629
1895.0,elevation,39.01871084794402
1895.0,lat,40.66586011556025
1895.0,lng,-73.98236042238906
1896.0,lat,40.665839645367775
1896.0,lng,-73.98236454364464
1896.0,elevation,38.874279614537954
1897.0,lat,40.665822547391066
1897.0,lng,-73.98237346933128
1897.0,elevation,38.961519432254136
1899.0,lat,40.665801910880205
1899.0,lng,-73.9823890648262
1899.0,elevation,38.742312611080706
1901.0,lat,40.66578466311692
1901.0,lng,-73.98239939097394
1901.0,elevation,38.68556463345885
1903.0,lat,40.665767394350354
1903.0,lng,-73.98241638786087
1903.0,elevation,38.83113508205861
1905.0,lng,-73.98244680242428
1905.0,lat,40.665756857939584
1905.0,elevation,38.53622364625335
1906.0,lng,-73.98247217484061
1906.0,elevation,38.37854309659451
1906.0,lat,40.66576031753808
1908.0,lat,40.665754318626256
1908.0,elevation,38.56063832435757
1908.0,lng,-73.98250541499219
1911.0,lat,40.665763939830214
1911.0,elevation,39.03876299317926
1911.0,lng,-73.98252940719146
1914.0,lat,40.66577245550327
1914.0,elevation,39.268883945420384
1914.0,lng,-73.98255212614805
1918.0,lat,40.665771395913005
1918.0,lng,-73.98258611408995
1918.0,elevation,38.460760625079274
1920.0,lng,-73.98260703068009
1920.0,lat,40.66576214484211
1920.0,elevation,39.1210039453581
1923.0,lng,-73.98262459549208
1923.0,lat,40.665745353136764
1923.0,elevation,38.829020822420716
1925.0,lng,-73.98263954583096
1925.0,lat,40.66572608211096
1925.0,elevation,38.94318694341928
1927.0,lat,40.66570547238417
1927.0,elevation,39.37500881776214
1927.0,lng,-73.98265688827483
1930.0,lng,-73.98266733300251
1930.0,lat,40.66568418824515
1930.0,elevation,38.52865961845964
1932.0,elevation,38.69835723936558
1932.0,lng,-73.98268263818545
1932.0,lat,40.66566331467333
1934.0,elevation,38.851890597492456
1934.0,lng,-73.98269443943873
1934.0,lat,40.66564479935792
1936.0,lat,40.66561586126903
1936.0,elevation,38.639224452897906
1936.0,lng,-73.98270349493541
1937.0,lat,40.66560090557995
1937.0,elevation,38.541738668456674
1937.0,lng,-73.9827173950637
1938.0,lat,40.66557514198482
1938.0,lng,-73.9827383836498
1938.0,elevation,38.9515901459381
1940.0,lng,-73.98274509924752
1940.0,lat,40.66554652104481
1940.0,elevation,39.064691866748035
1941.0,lng,-73.98275343359971
1941.0,elevation,39.05994093418121
1941.0,lat,40.66552935433856
1943.0,elevation,38.682797061279416
1943.0,lat,40.66550692025255
1943.0,lng,-73.98275295054874
1945.0,elevation,39.08932559750974
1945.0,lng,-73.98276965700916
1945.0,lat,40.66546871264656
1949.0,lng,-73.98277715141096
1949.0,lat,40.66544139895548
1949.0,elevation,38.929959550499916
1950.0,lng,-73.98277193725953
1950.0,lat,40.66542161759706
1950.0,elevation,39.013264323584735
1952.0,elevation,39.189483389258385
1952.0,lat,40.66539251895179
1952.0,lng,-73.98277097576502
1954.0,lat,40.665371110050636
1954.0,elevation,38.75336799118668
1954.0,lng,-73.98277150091637
1956.0,elevation,38.95869709178805
1956.0,lng,-73.9827660372734
1956.0,lat,40.66534632696818
1958.0,lat,40.66531086226184
1958.0,elevation,39.4705766858533
1958.0,lng,-73.9827682954909
1961.0,elevation,40.48411058727652
1961.0,lng,-73.98278962047223
1961.0,lat,40.66529417873487
1964.0,elevation,39.43714364245534
1964.0,lat,40.66527417470956
1964.0,lng,-73.98280872401595
1966.0,elevation,39.45272191427648
1966.0,lng,-73.98282088820353
1966.0,lat,40.66525307779505
1968.0,lng,-73.98283813812459
1968.0,elevation,39.685772551223636
1968.0,lat,40.6652314638823
1970.0,lat,40.66520448769243
1970.0,lng,-73.98284689486476
1970.0,elevation,39.681241179816425
1972.0,lat,40.66517486853324
1972.0,elevation,39.83459477405995
1972.0,lng,-73.98285494487159
1974.0,lat,40.6651560289044
1974.0,elevation,39.947025042027235
1974.0,lng,-73.98287179658053
1976.0,elevation,39.78696185350418
1976.0,lat,40.665141535108134
1976.0,lng,-73.98289367184765
1978.0,lat,40.6651441478209
1978.0,lng,-73.98291982824541
1978.0,elevation,40.12361285276711
1980.0,lng,-73.98294286812397
1980.0,elevation,40.26750695705414
1980.0,lat,40.66514859588984
1988.0,lng,-73.98296550135315
1988.0,elevation,40.159013765864074
1988.0,lat,40.66515490851931
1990.0,lng,-73.98299219760943
1990.0,elevation,39.9884535940364
1990.0,lat,40.665151433691214
1993.0,lat,40.66516701657409
1993.0,lng,-73.9830082108327
1993.0,elevation,40.116615703329444
1997.0,lat,40.66516688134571
1997.0,lng,-73.9830361580987
1997.0,elevation,39.81067770905793
2003.0,lat,40.66516579896279
2003.0,lng,-73.98306190874067
2003.0,elevation,40.09974109195173
2010.0,lat,40.66518041033243
2010.0,lng,-73.98307893021905
2010.0,elevation,40.0713613377884
2017.0,elevation,40.069675371050835
2017.0,lat,40.66516660016756
2017.0,lng,-73.98309805794324
2021.0,lng,-73.98312879802216
2021.0,elevation,40.03829011134803
2021.0,lat,40.66515876629743
2024.0,elevation,39.90417633391917
2024.0,lng,-73.98315056885437
2024.0,lat,40.66514290419437
2027.0,lng,-73.98316258099906
2027.0,lat,40.66512257698365
2027.0,elevation,39.38542175106704
2029.0,lat,40.665102477352654
2029.0,elevation,39.89364765677601
2029.0,lng,-73.98317210737765
2033.0,lat,40.66510113476958
2033.0,elevation,39.964872791431844
2033.0,lng,-73.98319944670108
2037.0,elevation,39.648863326758146
2037.0,lng,-73.98317549019693
2037.0,lat,40.66509899646478
2041.0,lat,40.66508310006003
2041.0,lng,-73.98316170275962
2041.0,elevation,39.76451148558408
